Model,MAE,RMSE,Spearman
Ridge,2.8151554939954404,3.689785501179462,0.3072964971216874
ElasticNet,2.817589050500102,3.6834810034671186,0.30649979544462613
RF,2.8361533176766347,3.6988469736813725,0.28380264309469433
XGB,2.9648270175742955,3.863468646686711,0.22273906847995054
