Model,MAE,RMSE,Spearman
Ridge,2.814363215541676,3.688564730688631,0.3083374337016395
ElasticNet,2.8174921382548517,3.6834832102397383,0.30646252198259444
RF,2.8409563970445304,3.705363621288298,0.2826165188934322
XGB,2.949890185495682,3.877005698952679,0.2172613522973653
