Model,MAE,RMSE,Spearman
Ridge,2.647880321966455,3.4217354280462158,0.25200023376759717
ElasticNet,2.64928762375597,3.423852403974883,0.2505000295037893
RF,2.6534528040847314,3.4265389191784315,0.2514871100323562
XGB,2.7272242444130437,3.5174253377765776,0.18738171777812726
