Model,MAE,RMSE,Spearman
Ridge,2.6477194054527735,3.421788098336023,0.2520555071770047
ElasticNet,2.6489169205798326,3.423781137091621,0.25067437898686196
RF,2.6621105665230553,3.439032453953326,0.23587214131656972
XGB,2.7307126182213866,3.516491158066073,0.19378882955844637
