Model,MAE,RMSE,Spearman
ElasticNet,2.6344182765658024,3.1350980359162137,0.7405720205782456
Ridge,2.636017707259191,3.136619322253106,0.7382738332954225
XGB,2.780081521035156,3.2814740238624878,0.5989435268645871
RF,2.790305872496883,3.274976088052625,0.6827687087040536
